ServiceLine,DRGDescription
Maternity & Newborn,NORMAL NEWBORN
Infectious Diseases,SEPTICEMIA OR SEVERE SEPSIS WITHOUT MV >96 HOURS WITH MCC
Maternity & Newborn,VAGINAL DELIVERY WITHOUT STERILIZATION OR D&C WITHOUT CC/MCC
Neurology,PSYCHOSES
Miscellaneous,NEONATE WITH OTHER SIGNIFICANT PROBLEMS
Cardiovascular,HEART FAILURE AND SHOCK WITH MCC
Infectious Diseases,SEPTICEMIA OR SEVERE SEPSIS WITHOUT MV >96 HOURS WITHOUT MCC
Maternity & Newborn,CESAREAN SECTION WITHOUT STERILIZATION WITHOUT CC/MCC
Maternity & Newborn,VAGINAL DELIVERY WITHOUT STERILIZATION OR D&C WITH CC
Miscellaneous,"ESOPHAGITIS, GASTROENTERITIS AND MISCELLANEOUS DIGESTIVE DISORDERS WITHOUT MCC"
Pulmonary,RESPIRATORY INFECTIONS AND INFLAMMATIONS WITH MCC
Pulmonary,PULMONARY EDEMA AND RESPIRATORY FAILURE
Pulmonary,SIMPLE PNEUMONIA AND PLEURISY WITH MCC
Rehabilitation,"ALCOHOL, DRUG ABUSE OR DEPENDENCE WITHOUT REHABILITATION THERAPY WITHOUT MCC"
Infectious Diseases,CELLULITIS WITHOUT MCC
Miscellaneous,INFECTIOUS AND PARASITIC DISEASES WITH O.R. PROCEDURES WITH MCC
Maternity & Newborn,CESAREAN SECTION WITHOUT STERILIZATION WITH CC
Cardiovascular,"ACUTE MYOCARDIAL INFARCTION, DISCHARGED ALIVE WITH MCC"
Orthopedics,MAJOR HIP AND KNEE JOINT REPLACEMENT OR REATTACHMENT OF LOWER EXTREMITY WITHOUT MCC
Urology,KIDNEY AND URINARY TRACT INFECTIONS WITHOUT MCC
Endocrine & Metabolic,"MISCELLANEOUS DISORDERS OF NUTRITION, METABOLISM, FLUIDS AND ELECTROLYTES WITHOUT MCC"
Cardiovascular,INTRACRANIAL HEMORRHAGE OR CEREBRAL INFARCTION WITH CC OR TPA IN 24 HOURS
Endocrine & Metabolic,"MISCELLANEOUS DISORDERS OF NUTRITION, METABOLISM, FLUIDS AND ELECTROLYTES WITH MCC"
Miscellaneous,GASTROINTESTINAL HEMORRHAGE WITH CC
Miscellaneous,FULL TERM NEONATE WITH MAJOR PROBLEMS
Cardiovascular,HEART TRANSPLANT OR IMPLANT OF HEART ASSIST SYSTEM WITH MCC
Transplant,LUNG TRANSPLANT
Pulmonary,"ECMO OR TRACHEOSTOMY WITH MV >96 HOURS OR PRINCIPAL DIAGNOSIS EXCEPT FACE, MOUTH AND NECK WITH MAJOR O.R. PROCEDURES"
Cardiovascular,HEART TRANSPLANT OR IMPLANT OF HEART ASSIST SYSTEM WITHOUT MCC
Miscellaneous,CHIMERIC ANTIGEN RECEPTOR (CAR) T-CELL AND OTHER IMMUNOTHERAPIES
Transplant,LIVER TRANSPLANT WITH MCC OR INTESTINAL TRANSPLANT
Dermatology,EXTENSIVE BURNS OR FULL THICKNESS BURNS WITH MV >96 HOURS WITH SKIN GRAFT
Transplant,ALLOGENEIC BONE MARROW TRANSPLANT
Pulmonary,"TRACHEOSTOMY WITH MV >96 HOURS OR PRINCIPAL DIAGNOSIS EXCEPT FACE, MOUTH AND NECK WITHOUT MAJOR O.R. PROCEDURES"
Transplant,SIMULTANEOUS PANCREAS AND KIDNEY TRANSPLANT WITH HEMODIALYSIS
Transplant,SIMULTANEOUS PANCREAS AND KIDNEY TRANSPLANT
Cardiovascular,CARDIAC VALVE AND OTHER MAJOR CARDIOTHORACIC PROCEDURES WITH CARDIAC CATHETERIZATION WITH MCC
Transplant,LIVER TRANSPLANT WITHOUT MCC
Miscellaneous,INTRACRANIAL VASCULAR PROCEDURES WITH PRINCIPAL DIAGNOSIS HEMORRHAGE WITH MCC
Burn & Trauma,CRANIOTOMY FOR MULTIPLE SIGNIFICANT TRAUMA
Cardiovascular,CORONARY BYPASS WITH PTCA WITH MCC
Cardiovascular,OTHER HEART ASSIST SYSTEM IMPLANT
Pulmonary,RESPIRATORY SYSTEM DIAGNOSIS WITH VENTILATOR SUPPORT >96 HOURS
Cardiovascular,CARDIAC VALVE AND OTHER MAJOR CARDIOTHORACIC PROCEDURES WITHOUT CARDIAC CATHETERIZATION WITH MCC
Pulmonary,"EXTREME IMMATURITY OR RESPIRATORY DISTRESS SYNDROME, NEONATE"
Burn & Trauma,OTHER O.R. PROCEDURES FOR MULTIPLE SIGNIFICANT TRAUMA WITH MCC
Cardiovascular,AORTIC AND HEART ASSIST PROCEDURES EXCEPT PULSATION BALLOON WITH MCC
Miscellaneous,OTHER CARDIOTHORACIC PROCEDURES WITH MCC
Miscellaneous,RADIOTHERAPY
Oncology,"SPINAL FUSION EXCEPT CERVICAL WITH SPINAL CURVATURE, MALIGNANCY, INFECTION OR EXTENSIVE FUSIONS WITH MCC"
Miscellaneous,ORGANIC DISTURBANCES AND INTELLECTUAL DISABILITY
Orthopedics,SPINAL DISORDERS AND INJURIES WITH CC/MCC
Infectious Diseases,HIV WITH EXTENSIVE O.R. PROCEDURES WITH MCC
Oncology,ACUTE LEUKEMIA WITHOUT MAJOR O.R. PROCEDURES WITH MCC
Neurology,DEGENERATIVE NERVOUS SYSTEM DISORDERS WITH MCC
Burn & Trauma,WOUND DEBRIDEMENTS FOR INJURIES WITH MCC
Neurology,DEGENERATIVE NERVOUS SYSTEM DISORDERS WITHOUT MCC
Burn & Trauma,FULL THICKNESS BURN WITH SKIN GRAFT OR INHALATION INJURY WITH CC/MCC
Infectious Diseases,SKIN GRAFT FOR SKIN ULCER OR CELLULITIS WITH MCC
Burn & Trauma,WOUND DEBRIDEMENT AND SKIN GRAFT EXCEPT HAND FOR MUSCULOSKELETAL AND CONNECTIVE TISSUE DISORDERS WITH MCC
Transplant,AUTOLOGOUS BONE MARROW TRANSPLANT WITH CC/MCC
Pulmonary,OTHER RESPIRATORY SYSTEM O.R. PROCEDURES WITH MCC
Miscellaneous,OSTEOMYELITIS WITH MCC
Oncology,LYMPHOMA AND LEUKEMIA WITH MAJOR O.R. PROCEDURES WITH MCC
Rehabilitation,AFTERCARE WITH CC/MCC
Miscellaneous,TRANSIENT ISCHEMIA WITHOUT THROMBOLYTIC
Miscellaneous,DYSEQUILIBRIUM
Miscellaneous,RENAL FAILURE WITH CC
Urology,OTHER KIDNEY AND URINARY TRACT DIAGNOSES WITH MCC
Cardiovascular,INTRACRANIAL HEMORRHAGE OR CEREBRAL INFARCTION WITH MCC
Endocrine & Metabolic,DIABETES WITH CC
Miscellaneous,POISONING AND TOXIC EFFECTS OF DRUGS WITH MCC
Miscellaneous,SYNCOPE AND COLLAPSE
Pulmonary,INTERSTITIAL LUNG DISEASE WITH CC
Urology,OTHER KIDNEY AND URINARY TRACT PROCEDURES WITH MCC
Miscellaneous,VIRAL ILLNESS WITH MCC
Infectious Diseases,SEPTICEMIA OR SEVERE SEPSIS WITH MV >96 HOURS
Infectious Diseases,HIV WITH MAJOR RELATED CONDITION WITH MCC
Cardiovascular,HEART FAILURE AND SHOCK WITH CC
Orthopedics,"LOWER EXTREMITY AND HUMERUS PROCEDURES EXCEPT HIP, FOOT AND FEMUR WITH CC"
Infectious Diseases,HIV WITH MAJOR RELATED CONDITION WITH CC
Orthopedics,AMPUTATION FOR CIRCULATORY SYSTEM DISORDERS EXCEPT UPPER LIMB AND TOE WITH MCC
Miscellaneous,PERITONEAL ADHESIOLYSIS WITH MCC
Miscellaneous,SIGNS AND SYMPTOMS OF MUSCULOSKELETAL SYSTEM AND CONNECTIVE TISSUE WITH MCC
Orthopedics,"LOWER EXTREMITY AND HUMERUS PROCEDURES EXCEPT HIP, FOOT AND FEMUR WITH MCC"
Pulmonary,RESPIRATORY SYSTEM DIAGNOSIS WITH VENTILATOR SUPPORT <=96 HOURS
Orthopedics,SPINAL FUSION EXCEPT CERVICAL WITH MCC
Miscellaneous,POSTOPERATIVE AND POST-TRAUMATIC INFECTIONS WITH MCC
Pulmonary,CHRONIC OBSTRUCTIVE PULMONARY DISEASE WITHOUT CC/MCC
Dermatology,SKIN ULCERS WITH MCC
Miscellaneous,OTHER CIRCULATORY SYSTEM DIAGNOSES WITH CC
Rehabilitation,"AFTERCARE, MUSCULOSKELETAL SYSTEM AND CONNECTIVE TISSUE WITHOUT CC/MCC"
Miscellaneous,POSTOPERATIVE AND POST-TRAUMATIC INFECTIONS WITHOUT MCC
Neurology,OTHER DISORDERS OF NERVOUS SYSTEM WITH CC
Rehabilitation,AFTERCARE WITHOUT CC/MCC
Rehabilitation,"AFTERCARE, MUSCULOSKELETAL SYSTEM AND CONNECTIVE TISSUE WITH CC"
Neurology,OTHER DISORDERS OF NERVOUS SYSTEM WITH MCC
Miscellaneous,ACUTE AND SUBACUTE ENDOCARDITIS WITH MCC
Maternity & Newborn,VAGINAL DELIVERY WITHOUT STERILIZATION OR D&C WITH MCC
Maternity & Newborn,CESAREAN SECTION WITHOUT STERILIZATION WITH MCC
Maternity & Newborn,PREMATURITY WITH MAJOR PROBLEMS
Maternity & Newborn,PREMATURITY WITHOUT MAJOR PROBLEMS
Miscellaneous,OTHER ANTEPARTUM DIAGNOSES WITHOUT O.R. PROCEDURES WITHOUT CC/MCC
Miscellaneous,OTHER ANTEPARTUM DIAGNOSES WITHOUT O.R. PROCEDURES WITH CC
Maternity & Newborn,VAGINAL DELIVERY WITH O.R. PROCEDURES EXCEPT STERILIZATION AND/OR D&C
Maternity & Newborn,POSTPARTUM AND POST ABORTION DIAGNOSES WITHOUT O.R. PROCEDURES
Miscellaneous,BILIARY TRACT PROCEDURES EXCEPT ONLY CHOLECYSTECTOMY WITH OR WITHOUT C.D.E. WITH MCC
Miscellaneous,"NEONATES, DIED OR TRANSFERRED TO ANOTHER ACUTE CARE FACILITY"
Miscellaneous,OTHER O.R. PROCEDURES FOR INJURIES WITH MCC
Miscellaneous,OTHER MAJOR CARDIOVASCULAR PROCEDURES WITH MCC
Neurology,NON-BACTERIAL INFECTION OF NERVOUS SYSTEM EXCEPT VIRAL MENINGITIS WITH MCC
Miscellaneous,MAJOR CHEST PROCEDURES WITH MCC
Orthopedics,COMBINED ANTERIOR AND POSTERIOR SPINAL FUSION WITH MCC
Orthopedics,"AMPUTATION OF LOWER LIMB FOR ENDOCRINE, NUTRITIONAL AND METABOLIC DISORDERS WITH MCC"
Neurology,CRANIOTOMY WITH MAJOR DEVICE IMPLANT OR ACUTE COMPLEX CNS PRINCIPAL DIAGNOSIS WITH MCC OR CHEMOTHERAPY IMPLANT OR EPILEPSY WITH NEUROSTIMULATOR
Miscellaneous,EXTENSIVE O.R. PROCEDURES UNRELATED TO PRINCIPAL DIAGNOSIS WITH MCC
GI,"PANCREAS, LIVER AND SHUNT PROCEDURES WITH MCC"
Burn & Trauma,"SKIN GRAFTS AND WOUND DEBRIDEMENT FOR ENDOCRINE, NUTRITIONAL AND METABOLIC DISORDERS WITH MCC"
Orthopedics,AMPUTATION FOR MUSCULOSKELETAL SYSTEM AND CONNECTIVE TISSUE DISORDERS WITH MCC
Dermatology,SKIN GRAFTS FOR INJURIES WITH CC/MCC
Urology,KIDNEY AND URINARY TRACT NEOPLASMS WITH MCC
Orthopedics,REVISION OF HIP OR KNEE REPLACEMENT WITH MCC
Miscellaneous,OTHER CIRCULATORY SYSTEM O.R. PROCEDURES
GI,OTHER HEPATOBILIARY OR PANCREAS O.R. PROCEDURES WITH MCC
Dermatology,"OTHER SKIN, SUBCUTANEOUS TISSUE AND BREAST PROCEDURES WITH MCC"
Burn & Trauma,"SKIN GRAFTS AND WOUND DEBRIDEMENT FOR ENDOCRINE, NUTRITIONAL AND METABOLIC DISORDERS WITH CC"
Orthopedics,AMPUTATION FOR MUSCULOSKELETAL SYSTEM AND CONNECTIVE TISSUE DISORDERS WITH CC
Urology,MINOR BLADDER PROCEDURES WITH MCC
Miscellaneous,BRONCHITIS AND ASTHMA WITH CC/MCC
Miscellaneous,BRONCHITIS AND ASTHMA WITHOUT CC/MCC
Miscellaneous,SEIZURES WITHOUT MCC
ENT & Eye,"OTHER EAR, NOSE, MOUTH AND THROAT O.R. PROCEDURES WITHOUT CC/MCC"
Hematology,RED BLOOD CELL DISORDERS WITHOUT MCC
Oncology,CHEMOTHERAPY WITHOUT ACUTE LEUKEMIA AS SECONDARY DIAGNOSIS WITH CC
Orthopedics,"LOWER EXTREMITY AND HUMERUS PROCEDURES EXCEPT HIP, FOOT AND FEMUR WITHOUT CC/MCC"
Miscellaneous,OTITIS MEDIA AND URI WITHOUT MCC
Endocrine & Metabolic,DIABETES WITHOUT CC/MCC
Miscellaneous,APPENDECTOMY WITHOUT COMPLICATED PRINCIPAL DIAGNOSIS WITHOUT CC/MCC
Oncology,CHEMOTHERAPY WITH ACUTE LEUKEMIA AS SECONDARY DIAGNOSIS WITH CC OR HIGH DOSE CHEMOTHERAPY AGENT
Miscellaneous,VIRAL ILLNESS WITHOUT MCC
Pulmonary,SIMPLE PNEUMONIA AND PLEURISY WITH CC
Miscellaneous,SEIZURES WITH MCC
ENT & Eye,"OTHER EAR, NOSE, MOUTH AND THROAT O.R. PROCEDURES WITH CC"
Hematology,MAJOR HEMATOLOGICAL AND IMMUNOLOGICAL DIAGNOSES EXCEPT SICKLE CELL CRISIS AND COAGULATION DISORDERS WITH CC
Miscellaneous,OTHER MUSCULOSKELETAL SYSTEM AND CONNECTIVE TISSUE DIAGNOSES WITH MCC
Oncology,LYMPHOMA AND NON-ACUTE LEUKEMIA WITH MCC
Neurology,NERVOUS SYSTEM NEOPLASMS WITH MCC
Miscellaneous,NON-EXTENSIVE O.R. PROCEDURES UNRELATED TO PRINCIPAL DIAGNOSIS WITH MCC
Miscellaneous,HERNIA PROCEDURES EXCEPT INGUINAL AND FEMORAL WITH MCC
Miscellaneous,MULTIPLE SCLEROSIS AND CEREBELLAR ATAXIA WITH MCC
Cardiovascular,OTHER ENDOVASCULAR CARDIAC VALVE PROCEDURES WITH MCC
Orthopedics,COMBINED ANTERIOR AND POSTERIOR SPINAL FUSION WITHOUT CC/MCC
Miscellaneous,CRANIOTOMY AND ENDOVASCULAR INTRACRANIAL PROCEDURES WITH MCC
Pulmonary,INTERSTITIAL LUNG DISEASE WITH MCC
Neurology,BACTERIAL AND TUBERCULOUS INFECTIONS OF NERVOUS SYSTEM WITH MCC
Orthopedics,SPINAL DISORDERS AND INJURIES WITHOUT CC/MCC
Rehabilitation,REHABILITATION WITH CC/MCC
Oncology,PATHOLOGICAL FRACTURES AND MUSCULOSKELETAL AND CONNECTIVE TISSUE MALIGNANCY WITH MCC
Psychiatry,DEPRESSIVE NEUROSES
Psychiatry,NEUROSES EXCEPT DEPRESSIVE
Psychiatry,DISORDERS OF PERSONALITY AND IMPULSE CONTROL
Miscellaneous,POISONING AND TOXIC EFFECTS OF DRUGS WITHOUT MCC
Psychiatry,ACUTE ADJUSTMENT REACTION AND PSYCHOSOCIAL DYSFUNCTION
Rehabilitation,"ALCOHOL, DRUG ABUSE OR DEPENDENCE WITHOUT REHABILITATION THERAPY WITH MCC"
Pulmonary,RESPIRATORY INFECTIONS AND INFLAMMATIONS WITHOUT CC/MCC
Psychiatry,O.R. PROCEDURES WITH PRINCIPAL DIAGNOSIS OF MENTAL ILLNESS
Psychiatry,BEHAVIORAL AND DEVELOPMENTAL DISORDERS
Rehabilitation,"ALCOHOL, DRUG ABUSE OR DEPENDENCE WITH REHABILITATION THERAPY"
Infectious Diseases,HIV WITH MAJOR RELATED CONDITION WITHOUT CC/MCC
Pulmonary,CHRONIC OBSTRUCTIVE PULMONARY DISEASE WITH MCC
Urology,MAJOR BLADDER PROCEDURES WITH MCC
Orthopedics,SPINAL PROCEDURES WITH MCC
Miscellaneous,OTHER MUSCULOSKELETAL SYSTEM AND CONNECTIVE TISSUE O.R. PROCEDURES WITH MCC
GI,"STOMACH, ESOPHAGEAL AND DUODENAL PROCEDURES WITH MCC"
Pulmonary,"TRACHEOSTOMY FOR FACE, MOUTH AND NECK DIAGNOSES OR LARYNGECTOMY WITH CC"
Miscellaneous,"D&C, CONIZATION, LAPAROSCOPY AND TUBAL INTERRUPTION WITH CC/MCC"
Cardiovascular,"CARDIAC DEFIBRILLATOR IMPLANT WITH CARDIAC CATHETERIZATION WITH AMI, HF OR SHOCK WITH MCC"
Oncology,"EAR, NOSE, MOUTH AND THROAT MALIGNANCY WITH MCC"
Endocrine & Metabolic,INBORN AND OTHER DISORDERS OF METABOLISM
Oncology,"DISORDERS OF LIVER EXCEPT MALIGNANCY, CIRRHOSIS OR ALCOHOLIC HEPATITIS WITH CC"
Miscellaneous,SEPTIC ARTHRITIS WITH CC
Oncology,DIGESTIVE MALIGNANCY WITH CC
Neurology,NON-BACTERIAL INFECTION OF NERVOUS SYSTEM EXCEPT VIRAL MENINGITIS WITH CC
Neurology,BACTERIAL AND TUBERCULOUS INFECTIONS OF NERVOUS SYSTEM WITH CC
ENT & Eye,ORBITAL PROCEDURES WITH CC/MCC
Dermatology,SKIN ULCERS WITH CC
Miscellaneous,TRAUMATIC STUPOR AND COMA >1 HOUR WITH MCC
Miscellaneous,RENAL FAILURE WITH MCC
Miscellaneous,NONSPECIFIC CEREBROVASCULAR DISORDERS WITH MCC
Miscellaneous,COMPLICATIONS OF TREATMENT WITH MCC
Miscellaneous,OSTEOMYELITIS WITH CC
Rehabilitation,"AFTERCARE, MUSCULOSKELETAL SYSTEM AND CONNECTIVE TISSUE WITH MCC"
Miscellaneous,COMPLICATIONS OF TREATMENT WITH CC
Miscellaneous,TRAUMATIC STUPOR AND COMA >1 HOUR WITH CC
Miscellaneous,OTHER CIRCULATORY SYSTEM DIAGNOSES WITH MCC
Miscellaneous,OTHER DIGESTIVE SYSTEM O.R. PROCEDURES WITH MCC
Miscellaneous,OTHER DIGESTIVE SYSTEM DIAGNOSES WITH MCC
Oncology,"DISORDERS OF LIVER EXCEPT MALIGNANCY, CIRRHOSIS OR ALCOHOLIC HEPATITIS WITH MCC"
Miscellaneous,SEPTIC ARTHRITIS WITH MCC
Pulmonary,RESPIRATORY INFECTIONS AND INFLAMMATIONS WITH CC
Urology,KIDNEY AND URINARY TRACT INFECTIONS WITH MCC
Oncology,DISORDERS OF PANCREAS EXCEPT MALIGNANCY WITH MCC
Miscellaneous,MAJOR GASTROINTESTINAL DISORDERS AND PERITONEAL INFECTIONS WITH CC
Miscellaneous,SIGNS AND SYMPTOMS OF MUSCULOSKELETAL SYSTEM AND CONNECTIVE TISSUE WITHOUT MCC
Miscellaneous,O.R. PROCEDURES FOR OBESITY WITHOUT CC/MCC
Cardiovascular,PERCUTANEOUS CARDIOVASCULAR PROCEDURES WITH DRUG-ELUTING STENT WITHOUT MCC
Miscellaneous,MEDICAL BACK PROBLEMS WITHOUT MCC
Cardiovascular,CARDIAC ARRHYTHMIA AND CONDUCTION DISORDERS WITH CC
Cardiovascular,PERCUTANEOUS CARDIOVASCULAR PROCEDURES WITH DRUG-ELUTING STENT WITH MCC OR 4+ ARTERIES OR STENTS
Miscellaneous,RETICULOENDOTHELIAL AND IMMUNITY DISORDERS WITH MCC
Cardiovascular,CARDIAC DEFIBRILLATOR IMPLANT WITHOUT CARDIAC CATHETERIZATION WITH MCC
Cardiovascular,"CARDIAC DEFIBRILLATOR IMPLANT WITH CARDIAC CATHETERIZATION WITHOUT AMI, HF OR SHOCK WITH MCC"
Cardiovascular,CORONARY BYPASS WITH PTCA WITHOUT MCC
Miscellaneous,MYELOPROLIFERATIVE DISORDERS OR POORLY DIFFERENTIATED NEOPLASMS WITH MAJOR O.R. PROCEDURES WITH MCC
Miscellaneous,"BREAST BIOPSY, LOCAL EXCISION AND OTHER BREAST PROCEDURES WITH CC/MCC"
Cardiovascular,AORTIC AND HEART ASSIST PROCEDURES EXCEPT PULSATION BALLOON WITHOUT MCC
Miscellaneous,RECTAL RESECTION WITH MCC
Oncology,CHEMOTHERAPY WITH ACUTE LEUKEMIA AS SECONDARY DIAGNOSIS OR WITH HIGH DOSE CHEMOTHERAPY AGENT WITH MCC
Cardiovascular,CORONARY BYPASS WITH CARDIAC CATHETERIZATION OR OPEN ABLATION WITH MCC
Oncology,LYMPHOMA AND NON-ACUTE LEUKEMIA WITH OTHER PROCEDURES WITH MCC
Neurology,"PERIPHERAL, CRANIAL NERVE AND OTHER NERVOUS SYSTEM PROCEDURES WITHOUT CC/MCC"
Oncology,CHEMOTHERAPY WITH ACUTE LEUKEMIA AS SECONDARY DIAGNOSIS WITHOUT CC/MCC
Miscellaneous,VIRAL MENINGITIS WITH CC/MCC
Miscellaneous,ANAL AND STOMAL PROCEDURES WITH MCC
Orthopedics,KNEE PROCEDURES WITH PRINCIPAL DIAGNOSIS OF INFECTION WITH MCC
Miscellaneous,POSTOPERATIVE OR POST-TRAUMATIC INFECTIONS WITH O.R. PROCEDURES WITH MCC
Neurology,NERVOUS SYSTEM NEOPLASMS WITHOUT MCC
Cardiovascular,"CIRCULATORY DISORDERS EXCEPT AMI, WITH CARDIAC CATHETERIZATION WITHOUT MCC"
Cardiovascular,"ACUTE MYOCARDIAL INFARCTION, DISCHARGED ALIVE WITH CC"
Miscellaneous,LAPAROSCOPIC CHOLECYSTECTOMY WITHOUT C.D.E. WITHOUT CC/MCC
Oncology,OTHER MALE REPRODUCTIVE SYSTEM O.R. PROCEDURES EXCEPT MALIGNANCY WITH CC/MCC
Miscellaneous,NON-EXTENSIVE O.R. PROCEDURES UNRELATED TO PRINCIPAL DIAGNOSIS WITH CC
Orthopedics,REVISION OF HIP OR KNEE REPLACEMENT WITH CC
Cardiovascular,"CARDIAC DEFIBRILLATOR IMPLANT WITH CARDIAC CATHETERIZATION WITHOUT AMI, HF OR SHOCK WITHOUT MCC"
Orthopedics,MAJOR HIP AND KNEE JOINT REPLACEMENT OR REATTACHMENT OF LOWER EXTREMITY WITH MCC OR TOTAL ANKLE REPLACEMENT
Orthopedics,CERVICAL SPINAL FUSION WITHOUT CC/MCC
Orthopedics,COMBINED ANTERIOR AND POSTERIOR SPINAL FUSION WITH CC
Orthopedics,BACK AND NECK PROCEDURES EXCEPT SPINAL FUSION WITH CC
Burn & Trauma,WOUND DEBRIDEMENT AND SKIN GRAFT EXCEPT HAND FOR MUSCULOSKELETAL AND CONNECTIVE TISSUE DISORDERS WITHOUT CC/MCC
Cardiovascular,CARDIAC DEFIBRILLATOR IMPLANT WITHOUT CARDIAC CATHETERIZATION WITHOUT MCC
Miscellaneous,GASTROINTESTINAL OBSTRUCTION WITH CC
Orthopedics,"LIMB REATTACHMENT, HIP AND FEMUR PROCEDURES FOR MULTIPLE SIGNIFICANT TRAUMA"
Cardiovascular,PERMANENT CARDIAC PACEMAKER IMPLANT WITH MCC
Miscellaneous,INFLAMMATION OF THE MALE REPRODUCTIVE SYSTEM WITHOUT MCC
Dermatology,SKIN DEBRIDEMENT WITHOUT CC/MCC
Miscellaneous,OTHER INFECTIOUS AND PARASITIC DISEASES DIAGNOSES WITH MCC
Miscellaneous,INFECTIOUS AND PARASITIC DISEASES WITH O.R. PROCEDURES WITH CC
GI,MAJOR SMALL AND LARGE BOWEL PROCEDURES WITH MCC
Endocrine & Metabolic,"OTHER ENDOCRINE, NUTRITIONAL AND METABOLIC O.R. PROCEDURES WITH CC"
Oncology,ACUTE LEUKEMIA WITHOUT MAJOR O.R. PROCEDURES WITHOUT CC/MCC
GI,MAJOR ESOPHAGEAL DISORDERS WITH MCC
Dermatology,SKIN DEBRIDEMENT WITH MCC
Neurology,"PERIPHERAL, CRANIAL NERVE AND OTHER NERVOUS SYSTEM PROCEDURES WITH MCC"
Cardiovascular,CARDIAC VALVE AND OTHER MAJOR CARDIOTHORACIC PROCEDURES WITH CARDIAC CATHETERIZATION WITH CC
Oncology,LYMPHOMA AND LEUKEMIA WITH MAJOR O.R. PROCEDURES WITH CC
Miscellaneous,OTHER FEMALE REPRODUCTIVE SYSTEM O.R. PROCEDURES WITH CC/MCC
Miscellaneous,FOOT PROCEDURES WITH MCC
Miscellaneous,SOFT TISSUE PROCEDURES WITH MCC
Miscellaneous,OTHER O.R. PROCEDURES OF THE BLOOD AND BLOOD FORMING ORGANS WITH MCC
Miscellaneous,SIGNS AND SYMPTOMS WITH MCC
Miscellaneous,FOOT PROCEDURES WITH CC
Miscellaneous,HAND PROCEDURES FOR INJURIES
Orthopedics,LOCAL EXCISION AND REMOVAL OF INTERNAL FIXATION DEVICES EXCEPT HIP AND FEMUR WITH MCC
Miscellaneous,"ALCOHOL, DRUG ABUSE OR DEPENDENCE, LEFT AMA"
Psychiatry,OTHER MENTAL DISORDER DIAGNOSES
Miscellaneous,FEVER AND INFLAMMATORY CONDITIONS
Orthopedics,CERVICAL SPINAL FUSION WITH MCC
Orthopedics,FRACTURES OF FEMUR WITH MCC
Miscellaneous,EXTRACRANIAL PROCEDURES WITH MCC
Miscellaneous,AICD GENERATOR PROCEDURES
Oncology,UTERINE AND ADNEXA PROCEDURES FOR OVARIAN OR ADNEXAL MALIGNANCY WITH MCC
Miscellaneous,GASTROINTESTINAL HEMORRHAGE WITH MCC
Miscellaneous,UNGROUPABLE
Oncology,KIDNEY AND URETER PROCEDURES FOR NON-NEOPLASM WITH MCC
Pulmonary,OTHER RESPIRATORY SYSTEM DIAGNOSES WITH MCC
Pulmonary,"TRACHEOSTOMY FOR FACE, MOUTH AND NECK DIAGNOSES OR LARYNGECTOMY WITH MCC"
Oncology,"MALIGNANCY, FEMALE REPRODUCTIVE SYSTEM WITH MCC"
Miscellaneous,OTHER MYELOPROLIFERATIVE DISORDERS OR POORLY DIFFERENTIATED NEOPLASTIC DIAGNOSES WITH MCC
GI,"STOMACH, ESOPHAGEAL AND DUODENAL PROCEDURES WITH CC"
Oncology,KIDNEY AND URETER PROCEDURES FOR NEOPLASM WITHOUT CC/MCC
Dermatology,COMPLICATED PEPTIC ULCER WITH MCC
Miscellaneous,SIGNS AND SYMPTOMS WITHOUT MCC
Orthopedics,HIP AND FEMUR PROCEDURES EXCEPT MAJOR JOINT WITH CC
Miscellaneous,VENTRICULAR SHUNT PROCEDURES WITH MCC
Miscellaneous,INTRACRANIAL VASCULAR PROCEDURES WITH PRINCIPAL DIAGNOSIS HEMORRHAGE WITH CC
Miscellaneous,SPLENECTOMY WITH MCC
Miscellaneous,CRANIOTOMY WITH MAJOR DEVICE IMPLANT OR ACUTE COMPLEX CNS PRINCIPAL DIAGNOSIS WITHOUT MCC
Miscellaneous,TRANSURETHRAL PROCEDURES WITH MCC
Neurology,"ISCHEMIC STROKE, PRECEREBRAL OCCLUSION OR TRANSIENT ISCHEMIA WITH THROMBOLYTIC AGENT WITH MCC"
Miscellaneous,APPENDECTOMY WITHOUT COMPLICATED PRINCIPAL DIAGNOSIS WITH MCC
Neurology,"PERIPHERAL, CRANIAL NERVE AND OTHER NERVOUS SYSTEM PROCEDURES WITH CC OR PERIPHERAL NEUROSTIMULATOR"
Orthopedics,SPINAL FUSION EXCEPT CERVICAL WITHOUT MCC
GI,MAJOR SMALL AND LARGE BOWEL PROCEDURES WITH CC
Miscellaneous,CHOLECYSTECTOMY EXCEPT BY LAPAROSCOPE WITHOUT C.D.E. WITH MCC
Burn & Trauma,OTHER O.R. PROCEDURES FOR MULTIPLE SIGNIFICANT TRAUMA WITH CC
Miscellaneous,ACUTE AND SUBACUTE ENDOCARDITIS WITH CC
ENT & Eye,"OTHER EAR, NOSE, MOUTH AND THROAT O.R. PROCEDURES WITH MCC"
Miscellaneous,MAJOR MALE PELVIC PROCEDURES WITH CC/MCC
Oncology,MASTECTOMY FOR MALIGNANCY WITHOUT CC/MCC
Miscellaneous,RETICULOENDOTHELIAL AND IMMUNITY DISORDERS WITH CC
Orthopedics,HIP REPLACEMENT WITH PRINCIPAL DIAGNOSIS OF HIP FRACTURE WITHOUT MCC
Miscellaneous,OTHER O.R. PROCEDURES FOR INJURIES WITHOUT CC/MCC
Dermatology,COMPLICATED PEPTIC ULCER WITH CC
Miscellaneous,OTHER DIGESTIVE SYSTEM O.R. PROCEDURES WITHOUT CC/MCC
Burn & Trauma,OTHER MULTIPLE SIGNIFICANT TRAUMA WITH MCC
Miscellaneous,CIRRHOSIS AND ALCOHOLIC HEPATITIS WITH MCC
Miscellaneous,BIOPSIES OF MUSCULOSKELETAL SYSTEM AND CONNECTIVE TISSUE WITH CC
Orthopedics,HIP AND FEMUR PROCEDURES EXCEPT MAJOR JOINT WITH MCC
Orthopedics,MAJOR JOINT OR LIMB REATTACHMENT PROCEDURES OF UPPER EXTREMITIES
Miscellaneous,OTHER DIGESTIVE SYSTEM O.R. PROCEDURES WITH CC
Miscellaneous,HYPERTENSION WITH MCC
Miscellaneous,TRAUMATIC STUPOR AND COMA <1 HOUR WITH CC
Burn & Trauma,OTHER MULTIPLE SIGNIFICANT TRAUMA WITH CC
Miscellaneous,MALIGNANT BREAST DISORDERS WITH MCC
Miscellaneous,APPENDECTOMY WITH COMPLICATED PRINCIPAL DIAGNOSIS WITH MCC
Miscellaneous,CONNECTIVE TISSUE DISORDERS WITH MCC
Dermatology,"OTHER SKIN, SUBCUTANEOUS TISSUE AND BREAST PROCEDURES WITH CC"
Miscellaneous,OTHER FACTORS INFLUENCING HEALTH STATUS
Oncology,DISORDERS OF PANCREAS EXCEPT MALIGNANCY WITH CC
Burn & Trauma,WOUND DEBRIDEMENT AND SKIN GRAFT EXCEPT HAND FOR MUSCULOSKELETAL AND CONNECTIVE TISSUE DISORDERS WITH CC
Miscellaneous,MAJOR GASTROINTESTINAL DISORDERS AND PERITONEAL INFECTIONS WITH MCC
Miscellaneous,O.R. PROCEDURES WITH DIAGNOSES OF OTHER CONTACT WITH HEALTH SERVICES WITH MCC
Burn & Trauma,TRAUMATIC INJURY WITHOUT MCC
Dermatology,SKIN ULCERS WITHOUT CC/MCC
Pulmonary,CHRONIC OBSTRUCTIVE PULMONARY DISEASE WITH CC
Miscellaneous,PERIPHERAL VASCULAR DISORDERS WITHOUT CC/MCC
Oncology,PATHOLOGICAL FRACTURES AND MUSCULOSKELETAL AND CONNECTIVE TISSUE MALIGNANCY WITHOUT CC/MCC
Miscellaneous,SOFT TISSUE PROCEDURES WITH CC
Miscellaneous,PERIPHERAL VASCULAR DISORDERS WITH MCC
Miscellaneous,CHEST PAIN
Miscellaneous,"ESOPHAGITIS, GASTROENTERITIS AND MISCELLANEOUS DIGESTIVE DISORDERS WITH MCC"
Miscellaneous,HYPERTENSION WITHOUT MCC
Cardiovascular,CARDIAC ARRHYTHMIA AND CONDUCTION DISORDERS WITH MCC
Endocrine & Metabolic,DIABETES WITH MCC
Neurology,BACTERIAL AND TUBERCULOUS INFECTIONS OF NERVOUS SYSTEM WITHOUT CC/MCC
Miscellaneous,RENAL FAILURE WITHOUT CC/MCC
Cardiovascular,"CARDIAC ARREST, UNEXPLAINED WITH MCC"
Miscellaneous,OTHER MAJOR CARDIOVASCULAR PROCEDURES WITH CC
Miscellaneous,OTHER VASCULAR PROCEDURES WITH MCC
ENT & Eye,OTHER DISORDERS OF THE EYE WITH MCC
Infectious Diseases,HIV WITH OR WITHOUT OTHER RELATED CONDITION
Miscellaneous,NONSPECIFIC CEREBROVASCULAR DISORDERS WITH CC
Miscellaneous,OSTEOMYELITIS WITHOUT CC/MCC
Orthopedics,BONE DISEASES AND ARTHROPATHIES WITH MCC
Oncology,"SPINAL FUSION EXCEPT CERVICAL WITH SPINAL CURVATURE, MALIGNANCY, INFECTION OR EXTENSIVE FUSIONS WITH CC"
Cardiovascular,CORONARY BYPASS WITH CARDIAC CATHETERIZATION OR OPEN ABLATION WITHOUT MCC
Cardiovascular,CORONARY BYPASS WITHOUT CARDIAC CATHETERIZATION WITH MCC
Burn & Trauma,FULL THICKNESS BURN WITHOUT SKIN GRAFT OR INHALATION INJURY
Neurology,OTHER DISORDERS OF NERVOUS SYSTEM WITHOUT CC/MCC
Burn & Trauma,"TRAUMA TO THE SKIN, SUBCUTANEOUS TISSUE AND BREAST WITHOUT MCC"
Cardiovascular,INTRACRANIAL HEMORRHAGE OR CEREBRAL INFARCTION WITHOUT CC/MCC
Infectious Diseases,CELLULITIS WITH MCC
Pulmonary,PULMONARY EMBOLISM WITH MCC OR ACUTE COR PULMONALE
Miscellaneous,"VAGINA, CERVIX AND VULVA PROCEDURES WITH CC/MCC"
Neurology,"ISCHEMIC STROKE, PRECEREBRAL OCCLUSION OR TRANSIENT ISCHEMIA WITH THROMBOLYTIC AGENT WITH CC"
Miscellaneous,LAPAROSCOPIC CHOLECYSTECTOMY WITHOUT C.D.E. WITH CC
GI,"STOMACH, ESOPHAGEAL AND DUODENAL PROCEDURES WITHOUT CC/MCC"
Orthopedics,KNEE PROCEDURES WITHOUT PRINCIPAL DIAGNOSIS OF INFECTION WITHOUT CC/MCC
Miscellaneous,CIRRHOSIS AND ALCOHOLIC HEPATITIS WITH CC
Miscellaneous,CRANIAL AND PERIPHERAL NERVE DISORDERS WITH MCC
Urology,OTHER KIDNEY AND URINARY TRACT DIAGNOSES WITH CC
Miscellaneous,PERIPHERAL VASCULAR DISORDERS WITH CC
Miscellaneous,O.R. PROCEDURES WITH DIAGNOSES OF OTHER CONTACT WITH HEALTH SERVICES WITH CC
Orthopedics,BONE DISEASES AND ARTHROPATHIES WITHOUT MCC
Pulmonary,RESPIRATORY NEOPLASMS WITH MCC
Miscellaneous,ATHEROSCLEROSIS WITH MCC
Miscellaneous,"TENDONITIS, MYOSITIS AND BURSITIS WITHOUT MCC"
Maternity & Newborn,VAGINAL DELIVERY WITH STERILIZATION AND/OR D&C WITHOUT CC/MCC
Miscellaneous,NONTRAUMATIC STUPOR AND COMA WITHOUT MCC
Miscellaneous,MULTIPLE SCLEROSIS AND CEREBELLAR ATAXIA WITH CC
Miscellaneous,"THYROID, PARATHYROID AND THYROGLOSSAL PROCEDURES WITH MCC"
Endocrine & Metabolic,"OTHER ENDOCRINE, NUTRITIONAL AND METABOLIC O.R. PROCEDURES WITH MCC"
Oncology,PATHOLOGICAL FRACTURES AND MUSCULOSKELETAL AND CONNECTIVE TISSUE MALIGNANCY WITH CC
Oncology,LYMPHOMA AND NON-ACUTE LEUKEMIA WITH CC
Miscellaneous,MEDICAL BACK PROBLEMS WITH MCC
Oncology,"EAR, NOSE, MOUTH AND THROAT MALIGNANCY WITH CC"
Miscellaneous,HEADACHES WITHOUT MCC
Cardiovascular,"CIRCULATORY DISORDERS EXCEPT AMI, WITH CARDIAC CATHETERIZATION WITH MCC"
Miscellaneous,EXTENSIVE O.R. PROCEDURES UNRELATED TO PRINCIPAL DIAGNOSIS WITH CC
Urology,OTHER KIDNEY AND URINARY TRACT PROCEDURES WITH CC
Miscellaneous,ALLERGIC REACTIONS WITH MCC
Miscellaneous,SEPTIC ARTHRITIS WITHOUT CC/MCC
Orthopedics,REVISION OF HIP OR KNEE REPLACEMENT WITHOUT CC/MCC
Miscellaneous,DEEP VEIN THROMBOPHLEBITIS WITH CC/MCC
Cardiovascular,CARDIAC PACEMAKER REVISION EXCEPT DEVICE REPLACEMENT WITHOUT CC/MCC
Oncology,"SPINAL FUSION EXCEPT CERVICAL WITH SPINAL CURVATURE, MALIGNANCY, INFECTION OR EXTENSIVE FUSIONS WITHOUT CC/MCC"
Oncology,"MALIGNANCY, MALE REPRODUCTIVE SYSTEM WITH MCC"
Miscellaneous,MYELOPROLIFERATIVE DISORDERS OR POORLY DIFFERENTIATED NEOPLASMS WITH MAJOR O.R. PROCEDURES WITH CC
Miscellaneous,INFLAMMATION OF THE MALE REPRODUCTIVE SYSTEM WITH MCC
Orthopedics,AMPUTATION FOR CIRCULATORY SYSTEM DISORDERS EXCEPT UPPER LIMB AND TOE WITH CC
Miscellaneous,HEPATOBILIARY DIAGNOSTIC PROCEDURES WITH MCC
Burn & Trauma,WOUND DEBRIDEMENTS FOR INJURIES WITH CC
Miscellaneous,AICD LEAD PROCEDURES
GI,"PANCREAS, LIVER AND SHUNT PROCEDURES WITH CC"
Oncology,KIDNEY AND URETER PROCEDURES FOR NEOPLASM WITH MCC
Infectious Diseases,SKIN GRAFT FOR SKIN ULCER OR CELLULITIS WITH CC
Miscellaneous,PENIS PROCEDURES WITH CC/MCC
Miscellaneous,PERCUTANEOUS AND OTHER INTRACARDIAC PROCEDURES WITHOUT MCC
Cardiovascular,ENDOVASCULAR CARDIAC VALVE REPLACEMENT AND SUPPLEMENT PROCEDURES WITHOUT MCC
Oncology,ACUTE LEUKEMIA WITHOUT MAJOR O.R. PROCEDURES WITH CC
Cardiovascular,ENDOVASCULAR CARDIAC VALVE REPLACEMENT AND SUPPLEMENT PROCEDURES WITH MCC
Cardiovascular,CARDIAC VALVE AND OTHER MAJOR CARDIOTHORACIC PROCEDURES WITHOUT CARDIAC CATHETERIZATION WITH CC
Cardiovascular,CARDIAC VALVE AND OTHER MAJOR CARDIOTHORACIC PROCEDURES WITH CARDIAC CATHETERIZATION WITHOUT CC/MCC
Miscellaneous,TRANSURETHRAL PROCEDURES WITH CC
Miscellaneous,TESTES PROCEDURES WITH CC/MCC
Miscellaneous,NONTRAUMATIC STUPOR AND COMA WITH MCC
GI,INFLAMMATORY BOWEL DISEASE WITH MCC
Orthopedics,KNEE PROCEDURES WITH PRINCIPAL DIAGNOSIS OF INFECTION WITH CC
Burn & Trauma,"OTHER INJURY, POISONING AND TOXIC EFFECT DIAGNOSES WITHOUT MCC"
Miscellaneous,VEIN LIGATION AND STRIPPING
Cardiovascular,CORONARY BYPASS WITHOUT CARDIAC CATHETERIZATION WITHOUT MCC
Miscellaneous,PLEURAL EFFUSION WITH MCC
Miscellaneous,POSTOPERATIVE OR POST-TRAUMATIC INFECTIONS WITH O.R. PROCEDURES WITH CC
GI,MAJOR SMALL AND LARGE BOWEL PROCEDURES WITHOUT CC/MCC
Orthopedics,UPPER LIMB AND TOE AMPUTATION FOR CIRCULATORY SYSTEM DISORDERS WITH MCC
Miscellaneous,OTHER INFECTIOUS AND PARASITIC DISEASES DIAGNOSES WITH CC
Hematology,MAJOR HEMATOLOGICAL AND IMMUNOLOGICAL DIAGNOSES EXCEPT SICKLE CELL CRISIS AND COAGULATION DISORDERS WITH MCC
Miscellaneous,CONNECTIVE TISSUE DISORDERS WITHOUT CC/MCC
Cardiovascular,"ACUTE MYOCARDIAL INFARCTION, EXPIRED WITH MCC"
Miscellaneous,TRAUMATIC STUPOR AND COMA <1 HOUR WITH MCC
Miscellaneous,EXTENSIVE O.R. PROCEDURES UNRELATED TO PRINCIPAL DIAGNOSIS WITHOUT CC/MCC
Miscellaneous,NON-EXTENSIVE BURNS
Miscellaneous,OTHER O.R. PROCEDURES FOR INJURIES WITH CC
Miscellaneous,BIOPSIES OF MUSCULOSKELETAL SYSTEM AND CONNECTIVE TISSUE WITH MCC
Miscellaneous,MULTIPLE SCLEROSIS AND CEREBELLAR ATAXIA WITHOUT CC/MCC
Miscellaneous,PNEUMOTHORAX WITH CC
Pulmonary,SIMPLE PNEUMONIA AND PLEURISY WITHOUT CC/MCC
Miscellaneous,MYELOPROLIFERATIVE DISORDERS OR POORLY DIFFERENTIATED NEOPLASMS WITH OTHER PROCEDURES WITH CC/MCC
Orthopedics,BACK AND NECK PROCEDURES EXCEPT SPINAL FUSION WITHOUT CC/MCC
Orthopedics,FRACTURES OF HIP AND PELVIS WITHOUT MCC
Orthopedics,"AMPUTATION OF LOWER LIMB FOR ENDOCRINE, NUTRITIONAL AND METABOLIC DISORDERS WITH CC"
Burn & Trauma,"OTHER INJURY, POISONING AND TOXIC EFFECT DIAGNOSES WITH MCC"
Orthopedics,BACK AND NECK PROCEDURES EXCEPT SPINAL FUSION WITH MCC OR DISC DEVICE OR NEUROSTIMULATOR
Miscellaneous,INGUINAL AND FEMORAL HERNIA PROCEDURES WITH MCC
Oncology,UTERINE AND ADNEXA PROCEDURES FOR NON-MALIGNANCY WITH CC/MCC
Urology,URINARY STONES WITH MCC
Maternity & Newborn,CESAREAN SECTION WITH STERILIZATION WITHOUT CC/MCC
GI,MINOR SMALL AND LARGE BOWEL PROCEDURES WITH MCC
Miscellaneous,PROSTATECTOMY WITH MCC
Urology,URINARY STONES WITHOUT MCC
Cardiovascular,ANGINA PECTORIS
Miscellaneous,ATHEROSCLEROSIS WITHOUT MCC
Miscellaneous,NONSPECIFIC CEREBROVASCULAR DISORDERS WITHOUT CC/MCC
Miscellaneous,"TENDONITIS, MYOSITIS AND BURSITIS WITH MCC"
Miscellaneous,O.R. PROCEDURES FOR OBESITY WITH CC
Orthopedics,BILATERAL OR MULTIPLE MAJOR JOINT PROCEDURES OF LOWER EXTREMITY WITHOUT MCC
Infectious Diseases,SKIN GRAFT EXCEPT FOR SKIN ULCER OR CELLULITIS WITH MCC
Dermatology,EXTENSIVE BURNS OR FULL THICKNESS BURNS WITH MV >96 HOURS WITHOUT SKIN GRAFT
Orthopedics,MAJOR THUMB OR JOINT PROCEDURES
Oncology,"EAR, NOSE, MOUTH AND THROAT MALIGNANCY WITHOUT CC/MCC"
Miscellaneous,EPISTAXIS WITH MCC
Oncology,UTERINE AND ADNEXA PROCEDURES FOR NON-MALIGNANCY WITHOUT CC/MCC
Miscellaneous,MAJOR GASTROINTESTINAL DISORDERS AND PERITONEAL INFECTIONS WITHOUT CC/MCC
Miscellaneous,"INFECTIONS, FEMALE REPRODUCTIVE SYSTEM WITH CC"
Miscellaneous,OTHER DIGESTIVE SYSTEM DIAGNOSES WITH CC
Miscellaneous,HEADACHES WITH MCC
Miscellaneous,OTHER MUSCULOSKELETAL SYSTEM AND CONNECTIVE TISSUE DIAGNOSES WITH CC
Neurology,NON-BACTERIAL INFECTION OF NERVOUS SYSTEM EXCEPT VIRAL MENINGITIS WITHOUT CC/MCC
Miscellaneous,BILIARY TRACT PROCEDURES EXCEPT ONLY CHOLECYSTECTOMY WITH OR WITHOUT C.D.E. WITH CC
Cardiovascular,NONSPECIFIC CVA AND PRECEREBRAL OCCLUSION WITHOUT INFARCTION WITH MCC
Miscellaneous,CRANIAL AND PERIPHERAL NERVE DISORDERS WITHOUT MCC
Miscellaneous,TRAUMATIC STUPOR AND COMA <1 HOUR WITHOUT CC/MCC
Orthopedics,FRACTURES OF FEMUR WITHOUT MCC
Oncology,DIGESTIVE MALIGNANCY WITH MCC
Orthopedics,CERVICAL SPINAL FUSION WITH CC
Miscellaneous,TRANSURETHRAL PROSTATECTOMY WITH CC/MCC
Miscellaneous,FEMALE REPRODUCTIVE SYSTEM RECONSTRUCTIVE PROCEDURES
Orthopedics,KNEE PROCEDURES WITH PRINCIPAL DIAGNOSIS OF INFECTION WITHOUT CC/MCC
Orthopedics,LOCAL EXCISION AND REMOVAL OF INTERNAL FIXATION DEVICES EXCEPT HIP AND FEMUR WITH CC
Urology,MINOR BLADDER PROCEDURES WITHOUT CC/MCC
Orthopedics,LOCAL EXCISION AND REMOVAL OF INTERNAL FIXATION DEVICES EXCEPT HIP AND FEMUR WITHOUT CC/MCC
Dermatology,"OTHER SKIN, SUBCUTANEOUS TISSUE AND BREAST PROCEDURES WITHOUT CC/MCC"
Urology,MINOR BLADDER PROCEDURES WITH CC
Miscellaneous,"VAGINA, CERVIX AND VULVA PROCEDURES WITHOUT CC/MCC"
Orthopedics,SPINAL PROCEDURES WITH CC OR SPINAL NEUROSTIMULATORS
Rehabilitation,REHABILITATION WITHOUT CC/MCC
Oncology,"MALIGNANCY, MALE REPRODUCTIVE SYSTEM WITH CC"
Pulmonary,OTHER RESPIRATORY SYSTEM DIAGNOSES WITHOUT MCC
Miscellaneous,OTHER DIGESTIVE SYSTEM DIAGNOSES WITHOUT CC/MCC
Orthopedics,HIP REPLACEMENT WITH PRINCIPAL DIAGNOSIS OF HIP FRACTURE WITH MCC
Miscellaneous,INGUINAL AND FEMORAL HERNIA PROCEDURES WITH CC
Orthopedics,AMPUTATION FOR MUSCULOSKELETAL SYSTEM AND CONNECTIVE TISSUE DISORDERS WITHOUT CC/MCC
Orthopedics,FRACTURES OF HIP AND PELVIS WITH MCC
Miscellaneous,PLEURAL EFFUSION WITH CC
Miscellaneous,PERITONEAL ADHESIOLYSIS WITH CC
Miscellaneous,DISORDERS OF THE BILIARY TRACT WITH MCC
Miscellaneous,OTHER ANTEPARTUM DIAGNOSES WITH O.R. PROCEDURES WITH MCC
Miscellaneous,MAJOR HEAD AND NECK PROCEDURES WITH CC
Dermatology,MINOR SKIN DISORDERS WITH MCC
GI,MINOR SMALL AND LARGE BOWEL PROCEDURES WITH CC
ENT & Eye,OTHER DISORDERS OF THE EYE WITHOUT MCC
Dermatology,MINOR SKIN DISORDERS WITHOUT MCC
Cardiovascular,CARDIAC VALVE AND OTHER MAJOR CARDIOTHORACIC PROCEDURES WITHOUT CARDIAC CATHETERIZATION WITHOUT CC/MCC
Miscellaneous,HYPERTENSIVE ENCEPHALOPATHY WITH MCC
Miscellaneous,OTHER MALE REPRODUCTIVE SYSTEM DIAGNOSES WITH CC/MCC
Hematology,COAGULATION DISORDERS
Miscellaneous,PNEUMOTHORAX WITH MCC
Burn & Trauma,MAJOR CHEST TRAUMA WITH MCC
ENT & Eye,NEUROLOGICAL EYE DISORDERS
Miscellaneous,APPENDECTOMY WITH COMPLICATED PRINCIPAL DIAGNOSIS WITH CC
Miscellaneous,PERITONEAL ADHESIOLYSIS WITHOUT CC/MCC
Miscellaneous,LAPAROSCOPIC CHOLECYSTECTOMY WITHOUT C.D.E. WITH MCC
Cardiovascular,CARDIAC CONGENITAL AND VALVULAR DISORDERS WITH MCC
Orthopedics,"FRACTURE, SPRAIN, STRAIN AND DISLOCATION EXCEPT FEMUR, HIP, PELVIS AND THIGH WITHOUT MCC"
GI,INFLAMMATORY BOWEL DISEASE WITH CC
Miscellaneous,OTHER MYELOPROLIFERATIVE DISORDERS OR POORLY DIFFERENTIATED NEOPLASTIC DIAGNOSES WITH CC
Burn & Trauma,MAJOR CHEST TRAUMA WITH CC
Cardiovascular,HEART FAILURE AND SHOCK WITHOUT CC/MCC
Miscellaneous,CONCUSSION WITHOUT CC/MCC
Cardiovascular,CAROTID ARTERY STENT PROCEDURES WITH MCC
Oncology,UTERINE AND ADNEXA PROCEDURES FOR NON-OVARIAN AND NON-ADNEXAL MALIGNANCY WITH MCC
Orthopedics,LOCAL EXCISION AND REMOVAL OF INTERNAL FIXATION DEVICES OF HIP AND FEMUR WITH CC/MCC
Cardiovascular,CARDIAC PACEMAKER DEVICE REPLACEMENT WITH MCC
Pulmonary,INTERSTITIAL LUNG DISEASE WITHOUT CC/MCC
Oncology,OTHER MALE REPRODUCTIVE SYSTEM O.R. PROCEDURES FOR MALIGNANCY WITH CC/MCC
Oncology,DISORDERS OF PANCREAS EXCEPT MALIGNANCY WITHOUT CC/MCC
Cardiovascular,CARDIAC ARRHYTHMIA AND CONDUCTION DISORDERS WITHOUT CC/MCC
Urology,OTHER KIDNEY AND URINARY TRACT DIAGNOSES WITHOUT CC/MCC
Endocrine & Metabolic,ENDOCRINE DISORDERS WITHOUT CC/MCC
Dermatology,MAJOR SKIN DISORDERS WITHOUT MCC
Dermatology,MAJOR SKIN DISORDERS WITH MCC
Pulmonary,RESPIRATORY NEOPLASMS WITH CC
ENT & Eye,ACUTE MAJOR EYE INFECTIONS WITH CC/MCC
Maternity & Newborn,CESAREAN SECTION WITH STERILIZATION WITH MCC
Maternity & Newborn,VAGINAL DELIVERY WITH STERILIZATION AND/OR D&C WITH MCC
Orthopedics,"HAND OR WRIST PROCEDURES, EXCEPT MAJOR THUMB OR JOINT PROCEDURES WITH CC/MCC"
Miscellaneous,GASTROINTESTINAL OBSTRUCTION WITH MCC
Miscellaneous,CHOLECYSTECTOMY EXCEPT BY LAPAROSCOPE WITHOUT C.D.E. WITH CC
ENT & Eye,"OTHER EAR, NOSE, MOUTH AND THROAT DIAGNOSES WITH MCC"
ENT & Eye,"OTHER EAR, NOSE, MOUTH AND THROAT DIAGNOSES WITH CC"
Miscellaneous,MALIGNANT BREAST DISORDERS WITH CC
Miscellaneous,O.R. PROCEDURES FOR OBESITY WITH MCC
Miscellaneous,DENTAL AND ORAL DISEASES WITH MCC
Orthopedics,"SPRAINS, STRAINS, AND DISLOCATIONS OF HIP, PELVIS AND THIGH WITHOUT CC/MCC"
Miscellaneous,COMPLICATIONS OF TREATMENT WITHOUT CC/MCC
Cardiovascular,CARDIAC CONGENITAL AND VALVULAR DISORDERS WITHOUT MCC
Cardiovascular,PERMANENT CARDIAC PACEMAKER IMPLANT WITH CC
Miscellaneous,GASTROINTESTINAL OBSTRUCTION WITHOUT CC/MCC
Orthopedics,"FRACTURE, SPRAIN, STRAIN AND DISLOCATION EXCEPT FEMUR, HIP, PELVIS AND THIGH WITH MCC"
Oncology,MALIGNANCY OF HEPATOBILIARY SYSTEM OR PANCREAS WITH MCC
Oncology,LYMPHOMA AND NON-ACUTE LEUKEMIA WITH OTHER PROCEDURES WITH CC
Pulmonary,OTHER RESPIRATORY SYSTEM O.R. PROCEDURES WITH CC
Miscellaneous,OTITIS MEDIA AND URI WITH MCC
Miscellaneous,MENSTRUAL AND OTHER FEMALE REPRODUCTIVE SYSTEM DISORDERS WITH CC/MCC
Miscellaneous,HERNIA PROCEDURES EXCEPT INGUINAL AND FEMORAL WITH CC
Endocrine & Metabolic,ENDOCRINE DISORDERS WITH MCC
Miscellaneous,APPENDECTOMY WITHOUT COMPLICATED PRINCIPAL DIAGNOSIS WITH CC
Endocrine & Metabolic,ENDOCRINE DISORDERS WITH CC
Burn & Trauma,"TRAUMA TO THE SKIN, SUBCUTANEOUS TISSUE AND BREAST WITH MCC"
Dermatology,UNCOMPLICATED PEPTIC ULCER WITHOUT MCC
Infectious Diseases,SKIN GRAFT EXCEPT FOR SKIN ULCER OR CELLULITIS WITHOUT CC/MCC
Miscellaneous,"INFECTIONS, FEMALE REPRODUCTIVE SYSTEM WITH MCC"
Miscellaneous,OTHER O.R. PROCEDURES OF THE BLOOD AND BLOOD FORMING ORGANS WITH CC
Dermatology,SKIN DEBRIDEMENT WITH CC
Miscellaneous,VENTRICULAR SHUNT PROCEDURES WITH CC
Miscellaneous,PERCUTANEOUS AND OTHER INTRACARDIAC PROCEDURES WITH MCC
Cardiovascular,PERCUTANEOUS CARDIOVASCULAR PROCEDURES WITH NON-DRUG-ELUTING STENT WITHOUT MCC
Miscellaneous,DISORDERS OF THE BILIARY TRACT WITHOUT CC/MCC
Miscellaneous,O.R. PROCEDURES WITH DIAGNOSES OF OTHER CONTACT WITH HEALTH SERVICES WITHOUT CC/MCC
Miscellaneous,CONNECTIVE TISSUE DISORDERS WITH CC
Orthopedics,BILATERAL OR MULTIPLE MAJOR JOINT PROCEDURES OF LOWER EXTREMITY WITH MCC
Miscellaneous,APPENDECTOMY WITH COMPLICATED PRINCIPAL DIAGNOSIS WITHOUT CC/MCC
Transplant,KIDNEY TRANSPLANT WITH HEMODIALYSIS WITHOUT MCC
Oncology,CHEMOTHERAPY WITHOUT ACUTE LEUKEMIA AS SECONDARY DIAGNOSIS WITH MCC
Miscellaneous,MAJOR CHEST PROCEDURES WITH CC
ENT & Eye,SINUS AND MASTOID PROCEDURES WITH CC/MCC
Miscellaneous,PROSTATECTOMY WITH CC
Miscellaneous,HEPATOBILIARY DIAGNOSTIC PROCEDURES WITH CC
Orthopedics,UPPER LIMB AND TOE AMPUTATION FOR CIRCULATORY SYSTEM DISORDERS WITH CC
Infectious Diseases,HIV WITH EXTENSIVE O.R. PROCEDURES WITHOUT MCC
Oncology,DIGESTIVE MALIGNANCY WITHOUT CC/MCC
Miscellaneous,INFECTIOUS AND PARASITIC DISEASES WITH O.R. PROCEDURES WITHOUT CC/MCC
Miscellaneous,CHOLECYSTECTOMY WITH C.D.E. WITH CC
Miscellaneous,INTRACRANIAL VASCULAR PROCEDURES WITH PRINCIPAL DIAGNOSIS HEMORRHAGE WITHOUT CC/MCC
Miscellaneous,CHOLECYSTECTOMY WITH C.D.E. WITH MCC
Burn & Trauma,TRAUMATIC INJURY WITH MCC
Miscellaneous,RECTAL RESECTION WITH CC
GI,OTHER HEPATOBILIARY OR PANCREAS O.R. PROCEDURES WITH CC
Infectious Diseases,SKIN GRAFT FOR SKIN ULCER OR CELLULITIS WITHOUT CC/MCC
Urology,OTHER KIDNEY AND URINARY TRACT PROCEDURES WITHOUT CC/MCC
Infectious Diseases,SKIN GRAFT EXCEPT FOR SKIN ULCER OR CELLULITIS WITH CC
Burn & Trauma,OTHER MULTIPLE SIGNIFICANT TRAUMA WITHOUT CC/MCC
Miscellaneous,OTHER ANTEPARTUM DIAGNOSES WITH O.R. PROCEDURES WITH CC
Miscellaneous,SPLENECTOMY WITH CC
Hematology,MAJOR HEMATOLOGICAL AND IMMUNOLOGICAL DIAGNOSES EXCEPT SICKLE CELL CRISIS AND COAGULATION DISORDERS WITHOUT CC/MCC
Urology,MAJOR BLADDER PROCEDURES WITH CC
Urology,MAJOR BLADDER PROCEDURES WITHOUT CC/MCC
Miscellaneous,OTHER CARDIOTHORACIC PROCEDURES WITHOUT MCC
Orthopedics,KNEE PROCEDURES WITHOUT PRINCIPAL DIAGNOSIS OF INFECTION WITH CC/MCC
Oncology,"MALIGNANCY, FEMALE REPRODUCTIVE SYSTEM WITH CC"
Cardiovascular,CARDIAC PACEMAKER REVISION EXCEPT DEVICE REPLACEMENT WITH MCC
Miscellaneous,ADRENAL AND PITUITARY PROCEDURES WITH CC/MCC
Miscellaneous,OTHER MUSCULOSKELETAL SYSTEM AND CONNECTIVE TISSUE O.R. PROCEDURES WITHOUT CC/MCC
Miscellaneous,CRANIOTOMY AND ENDOVASCULAR INTRACRANIAL PROCEDURES WITH CC
Oncology,MALIGNANCY OF HEPATOBILIARY SYSTEM OR PANCREAS WITH CC
Miscellaneous,BENIGN PROSTATIC HYPERTROPHY WITH MCC
Miscellaneous,OTHER INFECTIOUS AND PARASITIC DISEASES DIAGNOSES WITHOUT CC/MCC
Maternity & Newborn,CESAREAN SECTION WITH STERILIZATION WITH CC
Miscellaneous,OTHER VASCULAR PROCEDURES WITH CC
Transplant,KIDNEY TRANSPLANT WITH HEMODIALYSIS WITH MCC
Miscellaneous,MAJOR CHEST PROCEDURES WITHOUT CC/MCC
Miscellaneous,FOOT PROCEDURES WITHOUT CC/MCC
Dermatology,UNCOMPLICATED PEPTIC ULCER WITH MCC
GI,MAJOR ESOPHAGEAL DISORDERS WITH CC
Miscellaneous,POSTOPERATIVE OR POST-TRAUMATIC INFECTIONS WITH O.R. PROCEDURES WITHOUT CC/MCC
Miscellaneous,"THYROID, PARATHYROID AND THYROGLOSSAL PROCEDURES WITHOUT CC/MCC"
Miscellaneous,OTHER MUSCULOSKELETAL SYSTEM AND CONNECTIVE TISSUE O.R. PROCEDURES WITH CC
Miscellaneous,MOUTH PROCEDURES WITH CC/MCC
Miscellaneous,BENIGN PROSTATIC HYPERTROPHY WITHOUT MCC
Oncology,"DISORDERS OF LIVER EXCEPT MALIGNANCY, CIRRHOSIS OR ALCOHOLIC HEPATITIS WITHOUT CC/MCC"
Orthopedics,"SHOULDER, ELBOW OR FOREARM PROCEDURES, EXCEPT MAJOR JOINT PROCEDURES WITH MCC"
Orthopedics,"SPRAINS, STRAINS, AND DISLOCATIONS OF HIP, PELVIS AND THIGH WITH CC/MCC"
Urology,KIDNEY AND URINARY TRACT SIGNS AND SYMPTOMS WITH MCC
Urology,KIDNEY AND URINARY TRACT NEOPLASMS WITH CC
Orthopedics,SPINAL PROCEDURES WITHOUT CC/MCC
Cardiovascular,PERMANENT CARDIAC PACEMAKER IMPLANT WITHOUT CC/MCC
Orthopedics,HIP AND FEMUR PROCEDURES EXCEPT MAJOR JOINT WITHOUT CC/MCC
Oncology,KIDNEY AND URETER PROCEDURES FOR NON-NEOPLASM WITH CC
Burn & Trauma,MAJOR CHEST TRAUMA WITHOUT CC/MCC
Transplant,KIDNEY TRANSPLANT
Miscellaneous,CRANIOTOMY AND ENDOVASCULAR INTRACRANIAL PROCEDURES WITHOUT CC/MCC
Transplant,AUTOLOGOUS BONE MARROW TRANSPLANT WITHOUT CC/MCC
Cardiovascular,"CARDIAC DEFIBRILLATOR IMPLANT WITH CARDIAC CATHETERIZATION WITH AMI, HF OR SHOCK WITHOUT MCC"
Miscellaneous,URETHRAL STRICTURE
Miscellaneous,CIRRHOSIS AND ALCOHOLIC HEPATITIS WITHOUT CC/MCC
Neurology,"ISCHEMIC STROKE, PRECEREBRAL OCCLUSION OR TRANSIENT ISCHEMIA WITH THROMBOLYTIC AGENT WITHOUT CC/MCC"
Miscellaneous,ACUTE AND SUBACUTE ENDOCARDITIS WITHOUT CC/MCC
Oncology,LYMPHOMA AND NON-ACUTE LEUKEMIA WITH OTHER PROCEDURES WITHOUT CC/MCC
Oncology,CHEMOTHERAPY WITHOUT ACUTE LEUKEMIA AS SECONDARY DIAGNOSIS WITHOUT CC/MCC
Pulmonary,"TRACHEOSTOMY FOR FACE, MOUTH AND NECK DIAGNOSES OR LARYNGECTOMY WITHOUT CC/MCC"
Oncology,MASTECTOMY FOR MALIGNANCY WITH CC/MCC
Oncology,KIDNEY AND URETER PROCEDURES FOR NEOPLASM WITH CC
Miscellaneous,NON-EXTENSIVE O.R. PROCEDURES UNRELATED TO PRINCIPAL DIAGNOSIS WITHOUT CC/MCC
Pulmonary,RESPIRATORY NEOPLASMS WITHOUT CC/MCC
Miscellaneous,RETICULOENDOTHELIAL AND IMMUNITY DISORDERS WITHOUT CC/MCC
Cardiovascular,"ACUTE MYOCARDIAL INFARCTION, DISCHARGED ALIVE WITHOUT CC/MCC"
Miscellaneous,EXTRAOCULAR PROCEDURES EXCEPT ORBIT
Pulmonary,PULMONARY EMBOLISM WITHOUT MCC
Hematology,RED BLOOD CELL DISORDERS WITH MCC
Orthopedics,"HAND OR WRIST PROCEDURES, EXCEPT MAJOR THUMB OR JOINT PROCEDURES WITHOUT CC/MCC"
Pulmonary,RESPIRATORY SIGNS AND SYMPTOMS
Miscellaneous,CONCUSSION WITH MCC
Oncology,MALIGNANCY OF HEPATOBILIARY SYSTEM OR PANCREAS WITHOUT CC/MCC
GI,MINOR SMALL AND LARGE BOWEL PROCEDURES WITHOUT CC/MCC
Miscellaneous,"INFECTIONS, FEMALE REPRODUCTIVE SYSTEM WITHOUT CC/MCC"
Cardiovascular,PERCUTANEOUS CARDIOVASCULAR PROCEDURES WITH NON-DRUG-ELUTING STENT WITH MCC OR 4+ ARTERIES OR STENTS
Miscellaneous,GASTROINTESTINAL HEMORRHAGE WITHOUT CC/MCC
Miscellaneous,EPISTAXIS WITHOUT MCC
Miscellaneous,EXTRACRANIAL PROCEDURES WITH CC
Urology,KIDNEY AND URINARY TRACT SIGNS AND SYMPTOMS WITHOUT MCC
Burn & Trauma,"SKIN GRAFTS AND WOUND DEBRIDEMENT FOR ENDOCRINE, NUTRITIONAL AND METABOLIC DISORDERS WITHOUT CC/MCC"
Orthopedics,"SHOULDER, ELBOW OR FOREARM PROCEDURES, EXCEPT MAJOR JOINT PROCEDURES WITH CC"
Cardiovascular,PERCUTANEOUS CARDIOVASCULAR PROCEDURES WITHOUT CORONARY ARTERY STENT WITH MCC
Miscellaneous,NON-MALIGNANT BREAST DISORDERS WITH CC/MCC
Miscellaneous,OTHER VASCULAR PROCEDURES WITHOUT CC/MCC
Miscellaneous,CONCUSSION WITH CC
Miscellaneous,MAJOR HEAD AND NECK PROCEDURES WITH MCC
Miscellaneous,MAJOR HEAD AND NECK PROCEDURES WITHOUT CC/MCC
Miscellaneous,TRAUMATIC STUPOR AND COMA >1 HOUR WITHOUT CC/MCC
Oncology,LYMPHOMA AND NON-ACUTE LEUKEMIA WITHOUT CC/MCC
Miscellaneous,"THYROID, PARATHYROID AND THYROGLOSSAL PROCEDURES WITH CC"
Miscellaneous,PNEUMOTHORAX WITHOUT CC/MCC
Orthopedics,MAJOR SHOULDER OR ELBOW JOINT PROCEDURES WITH CC/MCC
Burn & Trauma,WOUND DEBRIDEMENTS FOR INJURIES WITHOUT CC/MCC
Miscellaneous,ALLERGIC REACTIONS WITHOUT MCC
ENT & Eye,"OTHER EAR, NOSE, MOUTH AND THROAT DIAGNOSES WITHOUT CC/MCC"
Dermatology,SKIN GRAFTS FOR INJURIES WITHOUT CC/MCC
Miscellaneous,MALIGNANT BREAST DISORDERS WITHOUT CC/MCC
Oncology,"MALIGNANCY, FEMALE REPRODUCTIVE SYSTEM WITHOUT CC/MCC"
Urology,KIDNEY AND URINARY TRACT NEOPLASMS WITHOUT CC/MCC
Cardiovascular,"CARDIAC ARREST, UNEXPLAINED WITH CC"
Miscellaneous,SOFT TISSUE PROCEDURES WITHOUT CC/MCC
Burn & Trauma,FULL THICKNESS BURN WITH SKIN GRAFT OR INHALATION INJURY WITHOUT CC/MCC
Orthopedics,"SHOULDER, ELBOW OR FOREARM PROCEDURES, EXCEPT MAJOR JOINT PROCEDURES WITHOUT CC/MCC"
Transplant,PANCREAS TRANSPLANT
Endocrine & Metabolic,"OTHER ENDOCRINE, NUTRITIONAL AND METABOLIC O.R. PROCEDURES WITHOUT CC/MCC"
Cardiovascular,"ACUTE MYOCARDIAL INFARCTION, EXPIRED WITH CC"
Miscellaneous,OTHER MUSCULOSKELETAL SYSTEM AND CONNECTIVE TISSUE DIAGNOSES WITHOUT CC/MCC
Miscellaneous,OTHER MAJOR CARDIOVASCULAR PROCEDURES WITHOUT CC/MCC
Miscellaneous,HERNIA PROCEDURES EXCEPT INGUINAL AND FEMORAL WITHOUT CC/MCC
Miscellaneous,OTHER ANTEPARTUM DIAGNOSES WITHOUT O.R. PROCEDURES WITH MCC
Miscellaneous,ABORTION WITHOUT D&C
Miscellaneous,OTHER ANTEPARTUM DIAGNOSES WITH O.R. PROCEDURES WITHOUT CC/MCC
Oncology,UTERINE AND ADNEXA PROCEDURES FOR OVARIAN OR ADNEXAL MALIGNANCY WITH CC
Oncology,UTERINE AND ADNEXA PROCEDURES FOR NON-OVARIAN AND NON-ADNEXAL MALIGNANCY WITH CC
Oncology,UTERINE AND ADNEXA PROCEDURES FOR NON-OVARIAN AND NON-ADNEXAL MALIGNANCY WITHOUT CC/MCC
Oncology,UTERINE AND ADNEXA PROCEDURES FOR OVARIAN OR ADNEXAL MALIGNANCY WITHOUT CC/MCC
Miscellaneous,HYPERTENSIVE ENCEPHALOPATHY WITH CC
ENT & Eye,ACUTE MAJOR EYE INFECTIONS WITHOUT CC/MCC
Cardiovascular,"CARDIAC ARREST, UNEXPLAINED WITHOUT CC/MCC"
Cardiovascular,NONSPECIFIC CVA AND PRECEREBRAL OCCLUSION WITHOUT INFARCTION WITHOUT MCC
Miscellaneous,BIOPSIES OF MUSCULOSKELETAL SYSTEM AND CONNECTIVE TISSUE WITHOUT CC/MCC
Miscellaneous,"BREAST BIOPSY, LOCAL EXCISION AND OTHER BREAST PROCEDURES WITHOUT CC/MCC"
Orthopedics,UPPER LIMB AND TOE AMPUTATION FOR CIRCULATORY SYSTEM DISORDERS WITHOUT CC/MCC
Miscellaneous,RECTAL RESECTION WITHOUT CC/MCC
Miscellaneous,ADRENAL AND PITUITARY PROCEDURES WITHOUT CC/MCC
Miscellaneous,MAJOR MALE PELVIC PROCEDURES WITHOUT CC/MCC
Maternity & Newborn,VAGINAL DELIVERY WITH STERILIZATION AND/OR D&C WITH CC
GI,"PANCREAS, LIVER AND SHUNT PROCEDURES WITHOUT CC/MCC"
Pulmonary,OTHER RESPIRATORY SYSTEM O.R. PROCEDURES WITHOUT CC/MCC
Miscellaneous,URETHRAL PROCEDURES WITH CC/MCC
Miscellaneous,BILIARY TRACT PROCEDURES EXCEPT ONLY CHOLECYSTECTOMY WITH OR WITHOUT C.D.E. WITHOUT CC/MCC
Miscellaneous,ANAL AND STOMAL PROCEDURES WITH CC
